{"cameraMode":{"drawMode":0,"name":"Shaded","section":"Shading Mode"},"sceneLighting":true,"audioPlay":false,"sceneViewState":{"m_AlwaysRefresh":false,"showFog":true,"showSkybox":true,"showFlares":true,"showImageEffects":true,"showParticleSystems":true,"showVisualEffectGraphs":true,"m_FxEnabled":true},"in2DMode":false,"pivot":{"x":12.117825508117676,"y":2.747904062271118,"z":4.215688228607178},"rotation":{"x":0.01626642793416977,"y":-0.9150190353393555,"z":0.037088144570589069,"w":0.4013931155204773},"size":0.8660256862640381,"orthographic":false}